family,grading_profile,jobs_total,jobs_success,jobs_failed,jobs_skipped_completed,overall_pass_count,overall_pass_rate_on_success,avg_quality_score_0_100_success,avg_duration_total_s_success
box_hole,full_44,18,18,0,0,0,0.0,78.28450916674576,5.504617174466451
flange,full_44,18,18,0,0,0,0.0,59.94765907949583,9.183184054162767
keyed_shaft_hub,full_44,12,12,0,0,0,0.0,42.3918928574742,12.733642816543579
l_bracket,full_44,18,18,0,0,0,0.0,49.87795792575695,19.434107528792488
manifold_block,full_44,14,14,0,0,0,0.0,44.25234593917427,12.406652961458478
ring_spacer,full_44,18,18,0,0,0,0.0,90.88495005056399,4.501097798347473
shell_enclosure,full_44,12,12,0,0,0,0.0,50.42950558236087,18.762567679087322
slotted_plate,full_44,18,18,0,0,0,0.0,77.91241345113559,6.727062914106581
stepped_shaft,full_44,18,18,0,0,0,0.0,77.45522613308624,7.058973948160808
