{
  "valid_cad_rate": 1.0,
  "alignment_quality_icp_fitness": 0.7185,
  "alignment_inlier_rmse_mm": 1.765153692,
  "chamfer_distance_mm": 1.360904961,
  "edge_chamfer_mm": 0.864497599,
  "hausdorff_95p_mm": 2.476877803,
  "hausdorff_99p_mm": 3.62071949,
  "point_to_surface_mean_mm": 1.361349287,
  "point_to_surface_max_mm": 4.080006219,
  "volume_diff_percent": 0.085408311,
  "signed_volume_diff_percent": 0.085408311,
  "surface_area_diff_percent": 0.018301234,
  "bbox_error_max_mm": 0.528451892,
  "bbox_error_axis_x_mm": 0.126252007,
  "bbox_error_axis_y_mm": 0.144078732,
  "bbox_error_axis_z_mm": 0.336538948,
  "obb_error_max_mm": 0.545742253,
  "centroid_offset_mm": 0.070572014,
  "inertia_tensor_error": 0.002230022,
  "mass_properties_error": 0.001458702,
  "component_count_match": 1.0,
  "watertight_manifold_pass": 1.0,
  "self_intersection_count": 0.0,
  "euler_genus_match": 1.0,
  "void_hole_count_match": 1.0,
  "feature_count_match": 0.992647059,
  "critical_dimension_error_mm": 0.132784234,
  "tolerance_band_pass_rate": 0.511111111,
  "feature_edge_distance_mm": 0.717833001,
  "normal_consistency": 0.971487618,
  "normal_angle_error_deg": 3.91373195,
  "curvature_distribution_error": 0.001419582,
  "cross_section_iou": 0.026039013,
  "slice_contour_distance_mm": 3.22314198,
  "voxel_iou": 0.656512605,
  "occupancy_precision": 0.821611253,
  "occupancy_recall": 0.770653514,
  "occupancy_f1": 0.792644261,
  "emd_distance": 0.091335339,
  "silhouette_iou": 0.075224262,
  "render_ssim": 0.084919139,
  "render_lpips": 0.900933362,
  "registration_failure_rate": 1.0,
  "composite_weighted_score": 0.766150787
}