family,grading_profile,jobs_total,jobs_success,jobs_failed,jobs_skipped_completed,overall_pass_count,overall_pass_rate_on_success,avg_quality_score_0_100_success,avg_duration_total_s_success
box_hole,full_44,24,12,0,12,0,0.0,50.07029165965863,6.248672326405843
flange,full_44,22,10,0,12,0,0.0,47.80540208477713,10.784049153327942
l_bracket,full_44,22,12,0,10,0,0.0,23.81461142461923,9.244133849938711
pillow_block,full_44,22,12,0,10,0,0.0,58.76566734568349,9.45477787653605
pulley,full_44,22,10,0,12,0,0.0,90.88495003948319,5.313176417350769
ring_spacer,full_44,22,9,0,13,0,0.0,90.88495003942369,4.565592447916667
slotted_plate,full_44,22,9,1,12,0,0.0,37.83564650096889,7.249116049872504
stepped_shaft,full_44,22,10,0,12,0,0.0,54.822149535615225,7.8022592782974245
u_channel,full_44,22,12,0,10,0,0.0,40.999803910121585,11.510060926278433
